<?xml version="1.0" encoding="UTF-8"?>
<beans xmlns="http://www.springframework.org/schema/beans"
       xmlns:xsi="http://www.w3.org/2001/XMLSchema-instance"
       xmlns:p="http://www.springframework.org/schema/p"
       xmlns:tx="http://www.springframework.org/schema/tx"
       xmlns:context="http://www.springframework.org/schema/context"
       xsi:schemaLocation="
           http://www.springframework.org/schema/beans http://www.springframework.org/schema/beans/spring-beans-3.0.xsd
           http://www.springframework.org/schema/tx http://www.springframework.org/schema/tx/spring-tx-3.0.xsd
           http://www.springframework.org/schema/context http://www.springframework.org/schema/context/spring-context-3.0.xsd">

    <!-- Scans the classpath for annotated components that will be auto-registered as Spring beans -->
    <context:component-scan base-package="demo195"/>
    
    <!-- Activates various annotations to be detected in bean classes e.g: @Autowired -->
    <context:annotation-config/>

    <bean id="dataSource" class="org.springframework.jdbc.datasource.DriverManagerDataSource">
        <property name="driverClassName" value="org.postgresql.Driver"/>
        <property name="url" value="jdbc:postgresql://192.168.110.48:5432/plf_training"/>
        <property name="username" value="plf_training_admin"/>
        <property name="password" value="pff123"/>
    </bean>

    <bean id="entityManagerFactory" class="org.springframework.orm.jpa.LocalContainerEntityManagerFactoryBean" 
          p:packagesToScan="demo195" p:dataSource-ref="dataSource">
        <property name="jpaVendorAdapter">
            <bean class="org.springframework.orm.jpa.vendor.HibernateJpaVendorAdapter">
                <property name="generateDdl" value="true"/>
                <property name="showSql" value="true"/>
            </bean>
        </property>
    </bean>

    <!-- Transactions -->
    <bean id="transactionManager" class="org.springframework.orm.jpa.JpaTransactionManager">
        <property name="entityManagerFactory" ref="entityManagerFactory"/>
    </bean>

    <!-- Enable the configuration of transactional behavior based on annotations -->
    <tx:annotation-driven transaction-manager="transactionManager"/>

    <bean class="org.springframework.web.servlet.view.InternalResourceViewResolver">
        <property name="viewClass" value="org.springframework.web.servlet.view.JstlView"/>
        <property name="prefix" value="/WEB-INF/views/"/>
        <property name="suffix" value=".jsp"/>
    </bean>

    <!-- byName example -->
    <bean id="empdao" class="demo195.EmpDAO" autowire="byName"/>
    <bean id="empserv" class="demo195.EmpService" autowire="byName"/>
</beans>
